m01721[c],
m01368[c],
m02847[c],
m02038[s],
m02554[s],
m02552[s],
m01974[s],
m03100[s],
m02470[s],
m02040[s],
m02769[s],
m02723[s],
m02630[s],
m03134[s],
m01307[s],
m01369[s],
m01365[s],
m01588[s],
m01442[s],
m03113[s],
m02680[s],
m02945[s],
m03106[s],
m02407[s],
m02414[s],
m02403[s],
m02418[s],
m01641[s],
m01982[s],
m02386[s],
m02673[s],
m01830[s],
m03101[s],
m01252[s],
m01306[s],
m01687[s],
m02389[s],
m01695[s],
m02785[s],
m02937[s],
m02384[s],
m03044[s],
m01410[s],
m02896[s],
m02744[s],
m01740[s],
m01253[s],
m00157[s],
m00648[s],
m02182[s],
m02199[s],
m01861[s],
m02833[s],
m01987[s],
m02026[s],
m02170[s],
m01629[s],
m02353[s],
m01796[s],
m02907[s],
m02962[s],
m01788[s],
m01966[s],
m01797[s],
m01938[s],
m01397[s],
m01398[s],
m01445[s],
m01672[s],
m01789[s],
m02159[s],
m02452[s],
m02997[s],
m03117[s],
m01260[s],
m01396[s],
m01999[s],
m02037[s],
m02843[s],
m02928[s],
m02961[s],
m02524[s],
m02983[s],
m01962[s],
m01280[s],
m01614[s],
m01668[s],
m02369[s],
m02153[s],
m02994[s],
m01665[s],
m02926[s],
m02578[s],
m03147[s],
m01628[s],
m03120[s],
m01413[s],
m02949[s],
m02740[s],
m00970[s],
m01638[s],
m01786[s],
m01714[s],
m02354[s],
m01450[s],
m01587[s],
m01659[s],
m02786[s],
m02813[s],
m02968[s],
m01986[s],
m01513[s],
m02957[s],
m01596[s],
m02770[s],
m01401[s],
m02453[s],
m02174[s],
m01368[s],
m02357[s],
m01383[s],
m01334[s],
m01795[s],
m01959[s],
m02783[s],
m02789[s],
m02841[s],
m02996[s],
m01621[s],
m02022[s],
m01613[s],
m01730[s],
m02027[s],
m02118[s],
m02691[s],
m03146[s],
m01569[s],
m02642[s],
m01370[s],
m02985[s],
m01704[s],
m01840[s],
m02817[s],
m02982[s],
m02136[s],
m01438[s],
m02885[s],
m00626[s],
m03098[s],
m01285[s],
m01666[s],
m01673[s],
m02362[s],
m02587[s],
m01745[s],
m02998[s],
m02814[s],
m01671[s],
m02658[s],
m02924[s],
m00549[s],
m00516[s],
m01288[s],
m02583[s],
m01289[s],
m00268[s],
m00267[s],
m02104[s],
m02556[s],
m02048[s],
m02387[s],
m02724[s],
m03135[s],
m03157[s],
m02617[s],
m01290[s],
m00536[s],
m02049[s],
m01517[s],
m01525[s],
m01533[s],
m01543[s],
m01554[s],
m02842[s],
m02588[s],
m01935[s],
m02050[s],
m02370[s],
m01758[s],
m01115[s],
m02903[s],
m01279[s],
m02337[s],
m01590[s],
m01619[s],
m02348[s],
m01737[s],
m02150[s],
m02164[s],
m02198[s],
m01159[s],
m01944[s],
m00097[s],
m01945[s],
m01948[s],
m01393[s],
m02019[s],
m02023[s],
m02167[s],
m02364[s],
m02815[s],
m02930[s],
m02936[s],
m03118[s],
m03123[s],
m02191[s],
m01743[s],
m03151[s],
m02516[s],
m02462[s],
m01308[s],
m02450[s],
m01965[s],
m02445[s],
m01913[s],
m01983[s],
m01910[s],
m01315[s],
m03121[s],
m03130[s],
m03114[s],
m01626[s],
m02527[s],
m02672[s],
m01652[s],
m02631[s],
m01362[s],
m02366[s],
m01111[s],
m01570[s],
m02278[s],
m02237[s],
m00266[s],
m00269[s],
m01700[s],
m02692[s],
m02980[s],
m02119[s],
m02105[s],
m02046[s],
m01585[s],
m01741[s],
m02675[s],
m02938[s],
m02646[s],
m02494[s],
m01696[s],
m01784[s],
m02674[s],
m01689[s],
m02047[s],
m01451[s],
m02352[s],
m02560[s],
m02909[s],
m01648[s],
m02108[s],
m02120[s],
m02614[s],
m01374[s],
m01296[s],
m01403[s],
m01174[s],
m00932[s],
m00545[s],
m00228[s],
m00242[s],
m02772[s],
m02746[s],
m02993[s],
m03089[s],
m01975[s],
m02946[s],
m01821[s],
m02519[s],
m02200[s],
m02477[s],
m01736[s],
m01107[s],
m01100[s],
m02754[s],
m02042[s],
m01400[s],
m02054[s],
m02288[s],
m02303[s],
m02141[s],
m02139[s],
m02510[s],
m01712[s],
m02880[s],
m02586[s],
m01327[s],
m01330[s],
m02145[s],
m02440[s],
m02661[s],
m02394[s],
m01356[s],
m01818[s],
m00353[s],
m00613[s],
m00035[s],
m01019[s],
m00620[s],
m01415[s],
m00665[s],
m00730[s],
m01433[s],
m02325[s],
m01633[s],
m00998[s],
m01003[s],
m01007[s],
m01021[s],
m01033[s],
m01069[s],
m01070[s],
m01071[s],
m01109[s],
m01158[s],
m01249[s],
m01256[s],
m03096[s],
m02902[s],
m00744[s],
m01711[s],
m03138[s],
m01799[s],
m01309[s],
m01338[s],
m01339[s],
m01344[s],
m01326[s],
m00002[s],
m00580[s],
m01361[s],
m01419[s],
m01385[s],
m00001[s],
m01418[s],
m01988[s],
m02963[s],
m01595[s],
m01617[s],
m01632[s],
m01630[s],
m01098[s],
m01647[s],
m01655[s],
m01768[s],
m00577[s],
m01298[s],
m01787[s],
m00402[s],
m01850[s],
m01851[s],
m01852[s],
m01853[s],
m02331[s],
m01919[s],
m01914[s],
m01915[s],
m01916[s],
m01917[s],
m02016[s],
m02018[s],
m02024[s],
m02034[s],
m00986[s],
m01163[s],
m02171[s],
m00816[s],
m02475[s],
m01244[s],
m01245[s],
m00032[s],
m00204[s],
m02722[s],
m01742[s],
m01744[s],
m00179[s],
m02931[s],
m02897[s],
m03001[s],
m00734[s],
m02969[s],
m02967[s],
m03141[s],
m03142[s],
m00325[s],
m00371[s],
m00403[s],
m00432[s],
m03154[s],
m01800[s],
m01640[s],
m01286[s],
m01287[s],
m02155[s],
m01989[s],
m01020[s],
m01303[s],
m01870[s],
m01872[s],
m01887[s],
m02659[s],
m02137[s],
m01874[s],
m01881[s],
m01883[s],
m01884[s],
m01603[s],
m01604[s],
m01955[s],
m00771[s],
m02458[s],
m01610[s],
m01612[s],
m01006[s],
m03161[s],
m03039[s],
m02332[s],
m02751[s],
m02193[s],
m02161[s],
m02426[s],
m02360[s],
m02834[s],
m02561[s],
m02125[s],
m02184[s],
m02471[s],
m02819[s],
m01716[s],
m03155[s],
m02001[s],
m02338[s],
m01615[s],
m01669[s],
m01765[s],
m01833[s],
m01859[s],
m02028[s],
m02609[s],
m02620[s],
m02653[s],
m02712[s],
m02836[s],
m02943[s],
m02986[s],
m03052[s],
m02991[s],
m01682[s],
m03131[s],
m02434[s],
m01435[s],
m02402[s],
m03129[s],
m02966[s],
m02965[s],
m02000[s],
m02004[s],
m90166[s],
m90168[s],
m90169[s],
m00745[s],
m90170[s],
m90171[s],
m02964[s],
m90172[s],
m90173[s],
m90174[s],
m90175[s],
m90177[s],
m90178[s],
m90179[s],
m90180[s],
m90181[s],
m90190[c],
m90191[c],
m90192[c],
m90193[c],
m90194[c],
m90195[c],
m90197[s],
m90199[c],
m90200[s],
m01849[s],
m02565[s],
m99999[c],
